Book Name,Author,Average Rating,Number of Ratings,Score on Goodreads
0.4413043478260869,0.0729729729729729,0.5607476635514019,0.6626907211371204,1.0
0.5978260869565217,0.7054054054054054,0.8224299065420562,0.1294667263058496,0.9943181818181818
0.0695652173913043,0.5648648648648649,0.5981308411214954,0.4129516425624969,0.9886363636363636
0.1065217391304347,0.0405405405405405,0.532710280373832,0.4871030266885344,0.9829545454545454
0.8326086956521739,0.9756756756756756,0.8598130841121496,0.2818945380448288,0.9829545454545454
0.8217391304347826,0.9621621621621622,0.457943925233645,0.4589235127478753,0.9772727272727272
0.1108695652173913,0.5540540540540541,0.4205607476635515,0.1059589483624074,0.9715909090909092
0.5021739130434782,0.5243243243243243,0.4953271028037385,0.7788877292381094,0.9715909090909092
0.1478260869565217,0.5783783783783785,0.5887850467289724,0.6827692460613289,0.9715909090909092
0.558695652173913,0.6405405405405405,0.2429906542056077,0.2991402017792356,0.9715909090909092
0.5086956521739131,0.3486486486486486,0.6355140186915889,0.5746235276576711,0.9659090909090908
0.4826086956521739,0.6189189189189189,0.1588785046728973,0.1535211967596043,0.9545454545454544
0.3739130434782609,0.7567567567567568,0.5794392523364484,0.8998061726554346,0.9488636363636364
0.9739130434782608,0.5351351351351352,0.5233644859813085,0.1931315540977088,0.9488636363636364
0.5760869565217391,0.8675675675675676,0.5233644859813085,0.9002037672083892,0.943181818181818
0.4260869565217391,0.8351351351351352,0.6261682242990658,0.2248894190149594,0.9318181818181818
0.3847826086956522,0.8513513513513514,0.532710280373832,0.2521743452114706,0.9204545454545454
0.8565217391304348,0.7297297297297298,0.8224299065420562,0.2460613289597932,0.9034090909090908
0.0043478260869565,0.0702702702702702,0.7289719626168223,0.2045623974951543,0.8977272727272727
0.7282608695652174,0.4810810810810811,0.4112149532710281,0.3519705780030813,0.8806818181818181
0.008695652173913,0.6702702702702703,0.514018691588785,0.3028676507131852,875.0
0.1021739130434782,0.0756756756756756,0.6074766355140189,0.0362805029571094,0.8636363636363636
0.8239130434782609,0.6756756756756757,0.7663551401869158,0.2923313950598877,0.8465909090909091
0.2869565217391304,0.1324324324324324,0.7383177570093462,0.4512201182843795,0.8465909090909091
0.7043478260869566,0.227027027027027,0.514018691588785,0.6805824760200785,0.8465909090909091
0.5869565217391305,0.1459459459459459,0.6822429906542054,0.4316385865513642,0.8465909090909091
0.7586956521739131,0.2837837837837837,0.4485981308411215,0.6196511107797823,0.8409090909090908
0.4891304347826087,0.9270270270270272,0.5046728971962615,0.225883405397346,0.8409090909090908
0.358695652173913,0.4675675675675675,0.6822429906542054,0.3445156801351821,0.8409090909090908
0.4934782608695652,0.6216216216216217,0.439252336448598,0.9145171711147556,0.8352272727272727
0.8347826086956522,0.2891891891891892,0.429906542056075,0.0367774961483027,0.8352272727272727
0.0913043478260869,0.2918918918918919,0.542056074766355,0.6644798966254162,0.8352272727272727
0.841304347826087,0.2783783783783784,0.3271028037383177,0.3442671835395855,0.8295454545454545
0.3543478260869565,0.1135135135135135,0.6074766355140189,0.1480542716564783,0.8181818181818181
0.6978260869565217,0.5702702702702703,0.6635514018691593,0.5957954376025049,0.8125
0.5521739130434783,0.7162162162162162,0.7757009345794397,0.5787485711445753,0.8125
0.058695652173913,0.2054054054054054,0.2523364485981307,0.172406938024949,0.8068181818181818
0.3152173913043478,0.672972972972973,0.2149532710280373,0.3812931762834849,0.8011363636363636
0.1760869565217391,0.3648648648648649,0.4205607476635515,0.7849013468515481,0.7954545454545454
0.717391304347826,0.5891891891891892,0.6728971962616823,0.4096217881815019,0.7954545454545454
0.6630434782608696,0.3297297297297297,0.3831775700934581,0.8175041001938274,0.7897727272727273
0.915217391304348,0.8297297297297298,0.6355140186915889,0.0452760797177078,0.7897727272727273
0.2521739130434782,0.1756756756756756,0.6074766355140189,0.807613935689081,0.7840909090909091
0.2565217391304348,0.9837837837837838,0.3831775700934581,0.1565528552258833,0.7840909090909091
0.2239130434782608,0.3324324324324325,0.7196261682242988,0.7291387107996621,0.7784090909090908
0.2913043478260869,0.7594594594594595,0.8878504672897201,0.1865712439739575,0.7784090909090908
0.6173913043478261,0.7378378378378379,0.1495327102803738,0.3001341881616222,0.7727272727272727
0.3347826086956522,0.3432432432432433,0.4485981308411215,0.1715123502808011,0.7727272727272727
0.7891304347826087,0.3594594594594594,0.4766355140186915,0.329655583718503,0.7670454545454545
0.2369565217391304,0.4945945945945946,0.3925233644859816,0.2112221062571442,0.7613636363636364
0.0608695652173913,0.1837837837837838,0.2990654205607477,0.103623080363799,0.7613636363636364
0.2434782608695652,0.0837837837837837,0.3177570093457946,0.2875602604244321,0.75
0.8130434782608695,0.3135135135135135,0.5794392523364484,0.4353163361661945,0.75
0.7108695652173913,0.0513513513513513,0.7943925233644862,0.927438994085781,0.75
0.4347826086956521,0.991891891891892,0.0186915887850465,0.1175388897172108,0.7443181818181818
0.5630434782608695,0.7000000000000001,0.5887850467289724,0.4044530589930918,0.7443181818181818
0.1195652173913043,0.8648648648648649,0.532710280373832,0.2339843944137965,0.7386363636363636
0.7391304347826088,0.6243243243243244,0.2990654205607477,0.3012772725013667,0.7329545454545454
0.8956521739130435,0.1108108108108108,0.542056074766355,0.0538740619253516,0.7329545454545454
0.2978260869565217,0.727027027027027,0.5794392523364484,0.691118731673376,0.7329545454545454
0.2782608695652174,0.4621621621621622,0.2897196261682242,0.2183291088912081,0.7272727272727273
0.6869565217391305,0.1189189189189189,0.4205607476635515,0.6364494806421152,0.7272727272727273
0.8652173913043478,0.3108108108108108,0.5233644859813085,0.5268624819839968,0.7272727272727273
0.9260869565217392,0.5621621621621622,0.4485981308411215,0.7072213110680383,0.7272727272727273
0.5391304347826087,0.1054054054054054,0.6355140186915889,1.0,0.7215909090909091
0.158695652173913,0.2432432432432432,0.5046728971962615,0.3918791312559018,0.7215909090909091
0.1456521739130434,0.1783783783783784,0.3551401869158881,0.251776750658516,0.7215909090909091
0.7,0.4756756756756757,0.7663551401869158,0.9498036876894786,0.7215909090909091
0.7217391304347827,0.6054054054054054,0.3084112149532707,0.090750956711893,0.7159090909090908
0.0282608695652173,0.8837837837837839,0.7570093457943923,0.071517320212713,0.7102272727272727
0.6652173913043479,0.2405405405405405,0.5887850467289724,0.2949654589732121,0.6988636363636364
0.5304347826086957,0.0216216216216216,0.4953271028037385,0.2428308732170369,0.6875
0.908695652173913,0.7108108108108109,0.5887850467289724,0.4554445604095224,0.6875
0.2478260869565217,0.7081081081081082,0.6448598130841123,0.1405993737885791,0.6875
0.8434782608695652,0.9486486486486488,0.8878504672897201,0.7470304656826201,0.6875
0.4543478260869565,0.1405405405405405,0.5607476635514019,0.3405397346056359,0.6818181818181818
0.4391304347826087,0.9108108108108108,0.1588785046728973,0.0945281049649619,0.6761363636363636
0.2413043478260869,0.3054054054054054,0.3551401869158881,0.7601510859301227,0.6704545454545454
0.3717391304347826,0.7621621621621621,0.4205607476635515,0.7855971373192187,0.6704545454545454
0.3652173913043478,0.6702702702702703,0.467289719626168,0.223000844888425,0.6647727272727273
0.6956521739130435,0.2027027027027027,0.6074766355140189,0.6319765419213756,0.6647727272727273
0.217391304347826,0.4189189189189189,0.7850467289719627,0.84836737736693,0.6590909090909091
0.4565217391304348,0.5351351351351352,0.4953271028037385,0.8412106754137468,0.6477272727272727
0.4108695652173913,0.472972972972973,0.1775700934579442,0.4119576561801103,0.6306818181818181
0.2739130434782609,0.2810810810810811,0.2149532710280373,0.1871179364842701,0.6306818181818181
0.8282608695652174,0.5378378378378379,0.7663551401869158,0.594155360071567,625.0
0.7673913043478261,0.5135135135135136,0.6822429906542054,0.2290144625018637,0.6136363636363636
0.7956521739130434,0.6216216216216217,0.7943925233644862,0.522488941901496,0.6136363636363636
0.3456521739130435,0.2945945945945946,0.6915887850467288,0.2247403210576015,0.6079545454545454
0.067391304347826,0.1918918918918919,0.6448598130841123,0.03697629342478,0.6079545454545454
0.0956521739130434,0.2513513513513513,0.6915887850467288,0.3005814820336961,0.5909090909090908
0.3043478260869565,0.8297297297297298,0.5514018691588785,0.0681377665125987,0.5909090909090908
0.9021739130434784,0.7027027027027027,0.1682242990654203,0.5043983897420605,0.5852272727272727
0.8826086956521739,0.4648648648648649,0.8411214953271027,0.7145768102976989,0.5852272727272727
0.8739130434782609,0.5081081081081081,0.514018691588785,0.169673475473386,0.5852272727272727
0.5152173913043478,0.3189189189189189,0.6074766355140189,0.2324437155210973,0.5738636363636364
0.1695652173913043,0.9297297297297298,0.7102803738317758,0.8017991153521197,0.5625
0.3369565217391304,1.0,0.7102803738317758,0.0805625962924307,0.5625
0.0934782608695652,0.3945945945945946,0.485981308411215,0.0287759057700909,0.5625
0.3239130434782609,0.1162162162162162,0.4205607476635515,0.0980070573033149,0.5625
0.9217391304347826,0.3972972972972973,0.4766355140186915,0.8470254957507082,0.5625
0.2043478260869565,0.8081081081081082,0.5700934579439254,0.7990656528005566,0.5625
0.591304347826087,0.945945945945946,0.467289719626168,0.1487003628050295,0.5568181818181818
0.5826086956521739,0.0135135135135135,0.457943925233645,0.0163510759902589,0.5568181818181818
0.682608695652174,0.5675675675675675,0.439252336448598,0.2338849957755578,0.5568181818181818
0.4978260869565217,0.4891891891891892,0.3831775700934581,0.1953183241389592,0.5511363636363636
0.3130434782608696,0.4837837837837838,0.1495327102803738,0.0787734208041349,0.5511363636363636
0.45,0.1513513513513513,0.4953271028037385,0.0110332488444908,0.5511363636363636
0.341304347826087,0.0675675675675675,0.429906542056075,0.2874111624670742,0.5511363636363636
0.7086956521739131,0.6270270270270271,0.3738317757009346,0.7925053426768053,0.5454545454545454
0.2934782608695652,0.7405405405405405,0.457943925233645,0.1482530689329556,0.5454545454545454
0.208695652173913,0.2081081081081081,0.5700934579439254,0.6743700611301625,0.5454545454545454
0.55,0.6621621621621622,0.6542056074766354,0.1503901396550867,0.5397727272727272
0.2695652173913043,0.7162162162162162,0.8971962616822431,0.1824462004870533,0.5397727272727272
0.532608695652174,0.7756756756756757,0.7570093457943923,0.4328313702102281,0.5397727272727272
0.5413043478260869,0.0108108108108108,0.4112149532710281,0.0041747428060235,0.5397727272727272
0.0195652173913043,0.9675675675675676,0.532710280373832,0.2499875751702201,0.5397727272727272
0.0456521739130434,0.4432432432432432,0.429906542056075,0.0031310571045176,0.5397727272727272
0.5195652173913043,0.6864864864864866,0.3831775700934581,0.0540231598827096,0.5397727272727272
0.7782608695652175,0.1486486486486486,0.4953271028037385,0.9069628746086178,0.5340909090909091
0.8782608695652174,0.8891891891891892,0.6261682242990658,0.3038119377764525,0.5340909090909091
0.95,0.918918918918919,0.4485981308411215,0.0138661100342925,0.5340909090909091
0.1673913043478261,0.7972972972972974,0.6915887850467288,0.0324536553849212,0.5340909090909091
0.3673913043478261,0.6243243243243244,0.3738317757009346,0.6215893842254361,0.5340909090909091
0.7152173913043478,0.4432432432432432,0.6822429906542054,0.0130709209283832,0.5340909090909091
0.9043478260869564,0.6135135135135136,0.2803738317757012,0.0697778440435366,0.5284090909090908
0.1739130434782608,0.6918918918918919,0.532710280373832,0.008796779484121,0.5284090909090908
0.4847826086956522,0.054054054054054,0.4205607476635515,0.0461209681427364,0.5284090909090908
0.967391304347826,0.6675675675675676,0.4205607476635515,0.2938223746334675,0.5284090909090908
0.6717391304347826,0.8297297297297298,0.3084112149532707,0.0162516773520202,0.5284090909090908
0.4673913043478261,0.9621621621621622,0.6168224299065419,0.4473932707121912,0.5227272727272727
0.0326086956521739,0.8702702702702703,0.7943925233644862,0.3961035733810447,0.5227272727272727
0.4065217391304347,0.5405405405405406,0.2056074766355138,0.0217186024551463,0.5227272727272727
0.6695652173913044,0.9324324324324323,0.94392523364486,0.5738283385517619,0.5227272727272727
0.1847826086956522,0.0621621621621621,0.485981308411215,0.8587545350628696,0.5170454545454545
0.3326086956521739,0.4108108108108108,0.7943925233644862,0.0,0.5170454545454545
0.5434782608695652,0.7432432432432433,0.429906542056075,0.0253466527508573,0.5170454545454545
0.1369565217391304,0.9135135135135136,0.4205607476635515,0.1425376472342328,0.5113636363636364
0.258695652173913,0.5,0.429906542056075,0.2362705630932856,0.5113636363636364
0.1304347826086956,0.3675675675675676,0.514018691588785,0.2044629988569156,0.5113636363636364
0.0065217391304347,0.4459459459459459,0.4112149532710281,0.0576512101784205,0.5113636363636364
0.0304347826086956,0.8945945945945947,0.3738317757009346,0.0401073505292977,0.5113636363636364
0.2260869565217391,0.0486486486486486,0.439252336448598,0.6074250782764276,0.5113636363636364
0.2826086956521739,0.8675675675675676,0.532710280373832,0.4705531534217981,0.5056818181818181
0.9760869565217392,0.2837837837837837,0.4205607476635515,0.7868893196163212,0.5056818181818181
0.2065217391304347,0.6162162162162163,0.0654205607476634,0.0087470801650017,0.5056818181818181
0.2195652173913043,0.9,0.962616822429906,0.1420406540430396,0.5056818181818181
0.5173913043478261,0.0432432432432432,0.1962616822429908,0.1494955519109388,0.5
0.7934782608695652,0.0864864864864864,0.1214953271028038,0.7743650911982506,0.5
0.3108695652173913,0.7162162162162162,0.934579439252337,0.5950996471348342,0.5
0.1543478260869565,0.1081081081081081,0.6822429906542054,0.0240544704537547,0.5
0.3217391304347826,0.9648648648648648,0.2803738317757012,0.3613637493166343,0.5
0.9608695652173912,0.4702702702702703,0.2990654205607477,0.1879131255901794,0.5
0.7478260869565218,0.254054054054054,0.1588785046728973,0.1608269966701456,0.4943181818181818
0.8521739130434782,0.1945945945945946,0.3738317757009346,0.1608766959892649,0.4943181818181818
0.6782608695652174,0.0918918918918919,0.4953271028037385,0.0373241886586153,0.4886363636363636
0.5217391304347826,0.4972972972972973,0.3831775700934581,0.1194771631628646,0.4886363636363636
0.9521739130434784,0.6405405405405405,0.3271028037383177,0.0625217434521147,0.4886363636363636
0.6565217391304348,0.4027027027027027,0.8130841121495331,0.0750459718701853,0.4886363636363636
0.5478260869565218,0.9891891891891892,0.5887850467289724,0.6101088415088713,0.4886363636363636
0.5717391304347826,0.4513513513513514,0.7196261682242988,0.7945927140798171,0.4886363636363636
0.9652173913043478,0.4216216216216216,0.457943925233645,0.748372347298842,0.4829545454545454
0.1130434782608695,0.2837837837837837,0.3925233644859816,0.1688782863674767,0.4829545454545454
0.8173913043478261,0.9783783783783784,0.0841121495327104,0.0121763331842353,0.4829545454545454
0.2152173913043478,0.3,0.3831775700934581,0.8626807812732965,0.4829545454545454
0.6739130434782609,0.3351351351351351,0.3551401869158881,0.0841409472690224,0.4829545454545454
0.3826086956521739,0.3027027027027027,0.6168224299065419,0.0877689975647333,0.4772727272727273
0.7434782608695653,0.0351351351351351,0.467289719626168,0.3394463495850107,0.4772727272727273
0.1326086956521739,0.3243243243243243,0.3271028037383177,0.0450772824412305,0.4772727272727273
0.982608695652174,0.5297297297297298,0.7757009345794397,0.5893345261169922,0.4715909090909091
0.5608695652173913,0.6432432432432433,0.439252336448598,0.0008448884250285,0.4715909090909091
0.8630434782608696,0.8243243243243243,0.5887850467289724,0.0229113861140102,0.4715909090909091
0.4717391304347826,0.4297297297297298,0.5794392523364484,0.2454649371303613,0.4715909090909091
0.108695652173913,0.4054054054054054,0.1401869158878508,0.4480393618607425,0.4659090909090909
0.6021739130434782,0.6810810810810811,0.4766355140186915,0.0862283186720341,0.4659090909090909
0.4217391304347826,0.2729729729729729,0.4485981308411215,0.0393618607425078,0.4659090909090909
0.3282608695652174,0.2675675675675676,0.6822429906542054,0.5805874459519904,0.4659090909090909
0.1608695652173913,0.8135135135135135,0.6915887850467288,0.1272799562645991,0.4659090909090909
0.7760869565217391,0.5270270270270271,0.6635514018691593,0.3347746135877938,0.4602272727272727
0.6891304347826087,0.2459459459459459,0.2429906542056077,0.0654043039610357,0.4602272727272727
0.7521739130434782,0.4594594594594595,0.1775700934579442,0.0460215695044977,0.4602272727272727
0.9108695652173912,0.5027027027027027,0.4485981308411215,0.3623080363799016,0.4602272727272727
0.808695652173913,0.7675675675675676,0.3644859813084111,0.1211669400129218,0.4602272727272727
0.0347826086956521,0.9621621621621622,0.4112149532710281,0.3554495303414343,0.4545454545454546
0.4239130434782608,0.1756756756756756,0.439252336448598,0.2481983996819243,0.4545454545454546
0.6760869565217391,0.8594594594594596,0.2523364485981307,0.2882063515729834,0.4488636363636364
0.7608695652173914,0.3459459459459459,0.429906542056075,0.1037224790020376,0.4488636363636364
0.6217391304347826,0.2378378378378378,0.542056074766355,0.2787137816211918,0.4488636363636364
0.782608695652174,0.4135135135135135,0.1869158878504673,0.0222155956463396,0.4488636363636364
0.8978260869565218,0.1783783783783784,0.6074766355140189,0.1810049202325928,0.4488636363636364
0.0717391304347826,0.154054054054054,0.3644859813084111,0.0532776700959196,0.4488636363636364
0.0760869565217391,0.518918918918919,0.6261682242990658,0.223149942845783,0.4431818181818182
0.4804347826086956,0.7810810810810811,0.1869158878504673,0.0227622881566522,0.4431818181818182
0.3891304347826087,0.4378378378378378,0.1588785046728973,0.0210228119874757,0.4431818181818182
0.3869565217391304,0.1,0.1308411214953269,0.6483276179116346,0.4431818181818182
0.7717391304347826,0.8783783783783784,0.8411214953271027,0.2836340142140052,0.4375
0.15,0.8621621621621622,0.0934579439252334,0.4142935241787187,0.4375
0.3978260869565217,0.1594594594594594,0.4205607476635515,0.2554048009542269,0.4318181818181818
0.5673913043478261,0.0648648648648648,0.2897196261682242,0.2525222404453059,0.4318181818181818
0.6608695652173913,0.5162162162162163,0.429906542056075,0.1476566771035236,0.4318181818181818
0.5239130434782608,0.1972972972972973,0.1308411214953269,0.2617166144823816,0.4318181818181818
0.2130434782608695,0.8540540540540541,0.0093457943925234,0.1996421649023408,0.4261363636363636
0.7347826086956522,0.0648648648648648,0.2616822429906542,0.6025545450027334,0.4261363636363636
0.8369565217391305,0.1810810810810811,0.8971962616822431,0.2806520550668456,0.4261363636363636
0.4282608695652174,0.5459459459459459,0.514018691588785,0.1461159982108245,0.4261363636363636
0.6847826086956522,0.427027027027027,0.8785046728971961,0.0846379404602156,0.4261363636363636
0.9782608695652174,0.9162162162162164,0.4205607476635515,0.5929625764127031,0.4204545454545454
0.4369565217391304,0.2108108108108108,0.532710280373832,0.2794592714079817,0.4204545454545454
0.7869565217391304,0.6108108108108108,0.5607476635514019,0.1717111475572784,0.4204545454545454
0.1956521739130435,0.0918918918918919,0.7943925233644862,0.1587893245862531,0.4147727272727273
0.2717391304347826,0.645945945945946,0.6822429906542054,0.0126236270563093,0.4147727272727273
0.75,0.7945945945945947,0.7476635514018692,0.3541076487252124,0.4147727272727273
0.9695652173913044,0.6378378378378379,0.5046728971962615,0.1208190447790865,0.4147727272727273
0.2021739130434782,0.0,0.3644859813084111,0.0255951493464539,0.4147727272727273
0.05,0.4675675675675675,0.3551401869158881,0.496893792555042,0.4147727272727273
0.1565217391304348,0.9081081081081082,0.7383177570093462,0.056508125838676,0.4147727272727273
0.6391304347826087,0.4081081081081081,0.3644859813084111,0.0032801550618756,0.4090909090909091
0.65,0.0648648648648648,0.5233644859813085,0.4670742010834451,0.4090909090909091
0.4,0.2135135135135135,0.3644859813084111,0.0292231996421649,0.4090909090909091
0.8673913043478261,0.8,0.3831775700934581,0.9468714278614384,0.4090909090909091
0.8,0.327027027027027,0.514018691588785,0.266487749117837,0.4034090909090909
0.117391304347826,0.4189189189189189,0.7570093457943923,0.8666567268028428,0.4034090909090909
0.2,0.427027027027027,0.6355140186915889,0.1657472292629591,0.4034090909090909
0.4326086956521739,0.327027027027027,0.457943925233645,0.3080363799015954,0.3977272727272727
0.4913043478260869,0.8810810810810812,0.429906542056075,0.1748919039809154,0.3977272727272727
0.35,0.0648648648648648,0.3271028037383177,0.1579941354803439,0.3977272727272727
0.1347826086956521,0.2594594594594595,0.2336448598130838,0.2971025296953432,0.3977272727272727
0.8391304347826087,0.6027027027027028,0.5607476635514019,0.1698225734307439,0.3920454545454546
0.85,0.5702702702702703,0.457943925233645,0.0170965657770488,0.3920454545454546
0.9804347826086957,0.3621621621621622,0.5794392523364484,0.4614581780229611,0.3920454545454546
0.1217391304347826,0.9270270270270272,0.5981308411214954,0.1928830575021122,0.3863636363636363
0.4173913043478261,0.6297297297297297,0.6448598130841123,0.8476218875801401,0.3863636363636363
0.9369565217391304,0.5216216216216216,0.4205607476635515,0.0250981561552606,0.3863636363636363
0.1913043478260869,0.5486486486486487,0.1775700934579442,0.1686794890909994,0.3863636363636363
0.5369565217391304,0.372972972972973,0.2710280373831772,0.6491725063366631,0.3806818181818182
0.3434782608695652,0.027027027027027,0.7663551401869158,0.3390984543511754,0.3806818181818182
0.8456521739130435,0.937837837837838,0.5046728971962615,0.2685254212017295,0.3806818181818182
0.2217391304347826,0.4351351351351351,0.457943925233645,0.955469410069082,0.3806818181818182
0.6152173913043478,0.1864864864864865,0.5794392523364484,0.3468515481337905,375.0
0.5065217391304347,0.0162162162162162,0.2897196261682242,0.0800656031012375,375.0
0.3260869565217391,0.8216216216216217,0.5794392523364484,0.2613190199294269,375.0
0.4760869565217391,0.1351351351351351,0.6074766355140189,0.0742010834451567,375.0
0.3782608695652174,0.954054054054054,0.6074766355140189,0.0588439938372844,375.0
0.932608695652174,0.7324324324324325,0.0186915887850465,0.0385666716365985,375.0
0.6369565217391304,0.4,0.6261682242990658,0.5499229660553651,0.3693181818181818
0.3173913043478261,0.8054054054054054,0.7476635514018692,0.2657919586501665,0.3693181818181818
0.3521739130434783,0.3432432432432433,0.1962616822429908,0.002882560508921,0.3693181818181818
0.5891304347826087,0.3972972972972973,0.3364485981308411,0.6182098305253217,0.3693181818181818
0.3391304347826087,0.3432432432432433,0.8504672897196266,0.4466477809254013,0.3636363636363636
0.4521739130434782,0.4567567567567567,0.4485981308411215,0.1328462800059639,0.3636363636363636
0.7021739130434783,0.1648648648648648,0.0841121495327104,0.5371005417225784,0.3636363636363636
0.0630434782608695,0.9432432432432432,0.7943925233644862,0.5848118880771334,0.3579545454545454
0.9130434782608696,0.0972972972972973,0.7476635514018692,0.66050395109587,0.3579545454545454
0.1434782608695652,0.4324324324324324,0.7570093457943923,0.197256597584613,0.3579545454545454
0.4304347826086956,0.8162162162162163,0.457943925233645,0.0350380199791262,0.3579545454545454
0.1978260869565217,0.664864864864865,0.4205607476635515,0.2541126186571244,0.3579545454545454
0.3565217391304348,0.5945945945945946,0.3084112149532707,0.3023209582028726,0.3522727272727273
0.1239130434782608,0.3702702702702702,0.0747663551401869,0.0135679141195765,0.3522727272727273
0.8043478260869565,0.1081081081081081,0.5233644859813085,0.2250385169723174,0.3522727272727273
0.0152173913043478,0.7486486486486487,0.4485981308411215,0.071666418170071,0.3522727272727273
0.0565217391304347,0.2216216216216216,0.6448598130841123,0.0445305899309179,0.3522727272727273
0.25,0.6594594594594595,0.5607476635514019,0.1604294021171909,0.3522727272727273
0.9869565217391304,0.1891891891891892,0.4953271028037385,0.0795189105909248,0.3465909090909091
0.308695652173913,0.2702702702702703,0.5981308411214954,0.1909944833755777,0.3465909090909091
1.0,0.7891891891891892,0.3644859813084111,0.4240842900452263,0.3465909090909091
0.6282608695652174,0.3810810810810811,0.429906542056075,0.9413548034391928,0.3465909090909091
0.7369565217391304,0.7783783783783784,0.2616822429906542,0.0356841111276775,0.3465909090909091
0.1391304347826087,0.7756756756756757,0.8411214953271027,0.8241638089558173,0.3409090909090909
0.1717391304347826,0.6891891891891893,0.3457943925233646,0.115898812186273,0.3409090909090909
0.0739130434782608,0.8756756756756757,0.934579439252337,0.0058645196560807,0.3409090909090909
0.0217391304347826,0.3594594594594594,0.3364485981308411,0.1834898861885592,0.3352272727272727
0.8934782608695653,0.5513513513513514,0.2803738317757012,0.776700959196859,0.3352272727272727
0.3,0.8,0.542056074766355,0.8011530242035684,0.3352272727272727
0.2847826086956522,0.827027027027027,0.2990654205607477,0.0013915809353411,0.3352272727272727
0.2543478260869565,0.9594594594594597,0.3551401869158881,0.1741961135132448,0.3295454545454546
0.9478260869565216,0.3783783783783784,0.1401869158878508,0.0672431787684508,0.3238636363636363
0.4652173913043478,0.9567567567567568,0.0280373831775699,4.969931911932802e-05,0.3238636363636363
0.5956521739130435,0.127027027027027,0.5794392523364484,0.528552258834054,0.3238636363636363
0.3065217391304348,0.3864864864864865,0.0,0.2876099597435515,0.3238636363636363
0.2804347826086956,0.9594594594594597,0.2803738317757012,0.1421897520003975,0.3181818181818182
0.2304347826086956,0.3837837837837838,0.5514018691588785,0.4045027583122111,0.3181818181818182
0.6043478260869565,0.1621621621621621,0.467289719626168,0.0019382734456537,0.3181818181818182
0.6434782608695653,0.9891891891891892,0.3271028037383177,0.0357338104467968,0.3181818181818182
0.6456521739130435,0.4162162162162162,0.2803738317757012,0.6922618160131206,0.3125
0.5804347826086956,0.9243243243243244,0.0,0.002584364594205,0.3125
0.8065217391304348,0.3351351351351351,0.2242990654205607,0.0145122011828437,0.3125
0.6239130434782609,0.3162162162162162,0.8785046728971961,0.2082898464291039,0.3125
0.9934782608695653,0.3567567567567568,0.1401869158878508,0.0220167983698623,0.3068181818181818
0.3478260869565217,0.1810810810810811,0.532710280373832,0.3813428756026042,0.3068181818181818
0.4630434782608695,0.5432432432432432,0.7009345794392527,0.0272849261965111,0.3068181818181818
0.5130434782608696,0.9243243243243244,0.1869158878504673,0.0603846727299835,0.3068181818181818
0.4608695652173913,0.4108108108108108,0.981308411214953,0.0070076039958252,0.3068181818181818
0.5260869565217391,0.2567567567567568,0.514018691588785,0.4030614780577506,0.3011363636363636
0.4956521739130435,0.2837837837837837,0.485981308411215,0.1176382883554495,0.3011363636363636
0.6065217391304348,0.0378378378378378,0.532710280373832,0.7513046071268823,0.3011363636363636
0.6804347826086956,0.9243243243243244,0.1401869158878508,0.1697728741116246,0.3011363636363636
0.5543478260869565,0.9216216216216216,0.4018691588785046,0.0410516375925649,0.3011363636363636
0.8478260869565217,0.1459459459459459,0.7289719626168223,0.075145370508424,0.3011363636363636
0.6304347826086957,0.7216216216216217,0.514018691588785,0.4646389344465981,0.2954545454545454
0.9891304347826088,0.6567567567567568,0.1401869158878508,0.0114805427165647,0.2954545454545454
0.7565217391304347,0.1378378378378378,0.6542056074766354,0.1596342130112817,0.2954545454545454
0.8804347826086957,0.0297297297297297,0.439252336448598,0.4034590726107052,0.2897727272727273
0.2608695652173913,0.818918918918919,0.5794392523364484,0.0002484965955966,0.2897727272727273
0.941304347826087,0.9810810810810812,0.7476635514018692,0.0178917548829581,0.2897727272727273
0.1413043478260869,0.2108108108108108,0.5046728971962615,0.4089259977138313,0.2840909090909091
0.0521739130434782,0.5324324324324324,0.1682242990654203,0.0962675811341384,0.2840909090909091
0.9847826086956522,0.7864864864864866,0.9158878504672896,0.1701207693454599,0.2784090909090909
0.6195652173913043,0.3459459459459459,0.542056074766355,0.5204512698176035,0.2784090909090909
0.4782608695652174,0.0594594594594594,0.1588785046728973,0.012424829779832,0.2784090909090909
0.9586956521739132,0.591891891891892,0.4205607476635515,0.0174444610108841,0.2784090909090909
0.991304347826087,0.0459459459459459,0.5887850467289724,0.3267233238904627,0.2784090909090909
0.8304347826086956,0.7513513513513514,0.3177570093457946,0.2405944038566671,0.2727272727272727
0.9717391304347828,0.745945945945946,0.4485981308411215,0.1426370458724715,0.2727272727272727
0.1804347826086956,0.7837837837837838,0.467289719626168,0.1927836588638735,0.2727272727272727
0.7804347826086957,0.227027027027027,0.2897196261682242,0.1652999353908851,0.2670454545454545
0.9565217391304348,0.2351351351351351,0.4485981308411215,0.1901495949505491,0.2670454545454545
0.7913043478260869,0.1567567567567567,0.457943925233645,0.758511008399185,0.2670454545454545
0.8543478260869566,0.7189189189189189,0.7476635514018692,0.1305601113264748,0.2670454545454545
0.7630434782608696,0.1351351351351351,0.4766355140186915,0.5725858555737786,0.2613636363636363
0.2391304347826087,0.2162162162162162,0.429906542056075,0.0645097162168878,0.2613636363636363
0.408695652173913,0.3216216216216216,0.934579439252337,0.0589930917946424,0.2613636363636363
0.5739130434782609,0.5594594594594595,0.514018691588785,0.1256895780527806,0.2613636363636363
0.5282608695652175,0.972972972972973,0.3271028037383177,0.6717359972168381,0.2556818181818182
0.0652173913043478,0.0945945945945946,0.1588785046728973,0.0175935589682421,0.2556818181818182
0.458695652173913,0.8918918918918919,0.2897196261682242,0.0247502609214253,0.2556818181818182
0.9195652173913044,0.6945945945945946,0.2149532710280373,0.0497987177575667,0.2556818181818182
0.2956521739130435,0.6081081081081081,1.0,0.6280005963918294,0.2556818181818182
0.7978260869565218,0.5567567567567568,0.2616822429906542,0.0511902986929079,0.25
0.5456521739130434,0.6351351351351352,0.7196261682242988,0.1070026340639133,0.25
0.0847826086956521,0.0783783783783783,0.3551401869158881,0.0298692907907161,0.25
0.391304347826087,0.7540540540540541,0.5700934579439254,0.0077530937826151,0.25
0.2326086956521739,0.4486486486486487,0.7476635514018692,0.8730182396501168,0.25
0.1043478260869565,0.4891891891891892,0.4112149532710281,0.2550072064012723,0.2443181818181818
0.7739130434782608,0.0081081081081081,0.4953271028037385,0.342080413498335,0.2443181818181818
0.4869565217391304,0.2297297297297297,0.0560747663551399,0.0142637045872471,0.2443181818181818
0.0804347826086956,0.5972972972972973,0.7663551401869158,0.4029123801003926,0.2443181818181818
0.7260869565217392,0.8567567567567568,0.1682242990654203,0.3213557974255753,0.2386363636363636
0.8847826086956522,0.8324324324324325,0.3644859813084111,0.0829481636101585,0.2386363636363636
0.0869565217391304,0.1702702702702702,0.532710280373832,0.2088862382585358,0.2386363636363636
0.7695652173913043,0.6783783783783784,0.5514018691588785,0.150588936931564,0.2386363636363636
0.1282608695652174,0.7918918918918919,0.7009345794392527,0.1474578798270463,0.2386363636363636
0.2282608695652174,0.3918918918918919,0.8037383177570092,0.0166989712240942,0.2386363636363636
0.9391304347826088,0.5864864864864865,0.5046728971962615,0.3021718602455146,0.2329545454545454
0.1782608695652174,0.0027027027027027,0.1121495327102803,0.0343422295114556,0.2329545454545454
0.9630434782608696,0.5351351351351352,0.3925233644859816,0.1596342130112817,0.2272727272727273
0.7304347826086957,0.7702702702702703,0.514018691588785,0.2651458675016152,0.2272727272727273
0.5652173913043478,0.7351351351351352,0.5700934579439254,0.1944237363948113,0.2272727272727273
0.2108695652173913,0.2702702702702703,0.5887850467289724,0.2326922121166939,0.2272727272727273
0.5934782608695652,0.9513513513513514,0.6074766355140189,0.1117240693802494,0.2215909090909091
0.7543478260869565,0.8486486486486486,0.4018691588785046,0.5613041101336912,0.2159090909090909
0.8760869565217392,0.6324324324324324,0.3925233644859816,0.0120769345459967,0.2159090909090909
0.6130434782608696,0.4216216216216216,0.6261682242990658,0.298444411311565,0.2102272727272727
0.0891304347826087,0.4864864864864865,0.467289719626168,0.0276328214303464,0.2102272727272727
0.3934782608695652,0.2567567567567568,0.429906542056075,0.9943342776203966,0.2102272727272727
0.6326086956521739,0.9405405405405406,0.7757009345794397,0.0696287460861786,0.2045454545454545
0.3021739130434782,0.0567567567567567,0.4018691588785046,0.0901048655633417,0.1988636363636363
0.5043478260869565,0.6378378378378379,0.429906542056075,0.2457631330450772,0.1988636363636363
0.5108695652173914,0.572972972972973,0.5700934579439254,0.1156503155906764,0.1988636363636363
0.5347826086956522,0.1243243243243243,0.94392523364486,0.7650216192038168,0.1988636363636363
0.1826086956521739,0.6378378378378379,0.542056074766355,0.1089409075095671,0.1988636363636363
0.7652173913043478,0.1729729729729729,0.2710280373831772,0.2207643755280552,0.1988636363636363
0.0978260869565217,0.9864864864864864,0.3271028037383177,0.1239998012027235,0.1931818181818182
0.0434782608695652,0.6378378378378379,0.2523364485981307,0.0201779235624471,0.1931818181818182
0.6478260869565218,0.3081081081081081,0.5607476635514019,0.2725510660503951,0.1931818181818182
0.4195652173913043,0.6513513513513514,0.4485981308411215,0.0307141792157447,0.1875
0.9304347826086956,0.2189189189189189,0.3084112149532707,0.0252472541126186,0.1818181818181818
0.6521739130434783,0.2864864864864865,0.7943925233644862,0.3311465632920829,0.1818181818181818
0.0826086956521739,0.2621621621621621,0.542056074766355,0.1300631181352815,0.1818181818181818
0.6543478260869565,0.6837837837837838,0.8691588785046731,0.3810943790070076,0.1818181818181818
0.6260869565217392,0.1297297297297297,0.0841121495327104,0.1133641469111873,0.1761363636363636
0.1891304347826087,0.9945945945945946,0.3831775700934581,0.0548680483077381,0.1761363636363636
0.2760869565217391,0.2675675675675676,0.934579439252337,0.3427762039660056,0.1761363636363636
0.6108695652173913,0.4540540540540541,0.7476635514018692,0.8657621390586949,0.1704545454545454
0.2456521739130434,0.4918918918918919,0.5981308411214954,0.3364146911187317,0.1704545454545454
0.4739130434782608,0.654054054054054,0.0747663551401869,0.0039262462104269,0.1704545454545454
0.8608695652173913,0.1432432432432432,0.7383177570093462,0.4644401371701208,0.1704545454545454
0.7456521739130435,0.0972972972972973,0.8411214953271027,0.2995874956513096,0.1647727272727273
0.5,0.5243243243243243,0.6635514018691593,0.0567566224342726,0.1647727272727273
0.9956521739130436,0.0729729729729729,0.5887850467289724,0.4443119129267929,0.1590909090909091
0.4152173913043478,0.0243243243243243,0.3831775700934581,0.2107748123850703,0.1590909090909091
0.9,0.0945945945945946,0.7757009345794397,0.0433875055911734,0.1590909090909091
0.9065217391304348,0.0054054054054054,0.4112149532710281,0.1703195666219372,0.1534090909090909
0.1630434782608695,0.5243243243243243,0.2803738317757012,0.2739923463048556,0.1534090909090909
0.2630434782608695,0.7189189189189189,0.7943925233644862,0.2558520948263009,0.1534090909090909
0.7239130434782609,0.3783783783783784,0.3457943925233646,0.0944784056458426,0.1534090909090909
0.8586956521739131,0.0945945945945946,0.8598130841121496,0.0422444212514288,0.1534090909090909
0.8152173913043478,0.0891891891891892,0.457943925233645,0.1498931464638934,0.1477272727272727
0.9978260869565218,0.9351351351351352,0.7009345794392527,0.0679389692361214,0.1477272727272727
0.1152173913043478,0.8972972972972973,0.3177570093457946,0.4473435713930719,0.1477272727272727
0.2347826086956521,0.1027027027027027,0.532710280373832,0.1021321007902191,0.1477272727272727
0.7847826086956522,0.0945945945945946,0.7289719626168223,0.0410019382734456,0.1477272727272727
0.8891304347826087,0.7243243243243244,0.6355140186915889,0.0993986382386561,0.1420454545454545
0.5782608695652174,0.8378378378378379,0.4953271028037385,0.3951095869986581,0.1420454545454545
0.3304347826086956,1.0,0.7102803738317758,0.5725361562546593,0.1363636363636363
0.691304347826087,0.3405405405405405,0.7289719626168223,0.468714278614383,0.1363636363636363
0.2891304347826087,0.3513513513513513,0.4205607476635515,0.0260424432185279,0.1363636363636363
0.017391304347826,0.5054054054054055,0.8878504672897201,0.0206749167536404,0.1306818181818181
0.1652173913043478,0.0324324324324324,0.1308411214953269,0.4099696834153372,0.1306818181818181
0.6673913043478261,0.6702702702702703,0.3084112149532707,0.4916256647283932,0.1306818181818181
0.3956521739130434,0.1297297297297297,0.2242990654205607,0.1135132448685452,0.1306818181818181
0.7326086956521739,0.4675675675675675,0.7663551401869158,0.1123204612096814,0.1306818181818181
0.0782608695652174,0.9675675675675676,0.5794392523364484,0.2004870533273694,0.1193181818181818
0.4434782608695652,0.2243243243243243,0.3084112149532707,0.6389344465980816,0.1193181818181818
0.1934782608695652,0.6378378378378379,0.3271028037383177,0.0260424432185279,0.1136363636363636
0.0413043478260869,0.1675675675675675,0.5700934579439254,0.3311465632920829,0.1136363636363636
0.0,0.2648648648648649,0.6261682242990658,0.3998807216341136,0.1136363636363636
0.6934782608695652,0.3540540540540541,0.467289719626168,0.6233288603946125,0.1136363636363636
0.9282608695652174,0.4243243243243243,0.8785046728971961,0.209830525321803,0.1136363636363636
0.1869565217391304,0.6486486486486487,0.2616822429906542,0.093335321306098,0.1079545454545454
0.3760869565217391,0.3756756756756757,0.5794392523364484,0.0322548581084439,0.1079545454545454
0.8260869565217391,0.6756756756756757,0.6261682242990658,0.9751006411212166,0.1022727272727272
0.0543478260869565,0.7135135135135136,0.6915887850467288,0.7784901346851548,0.1022727272727272
0.4130434782608695,0.8675675675675676,0.4018691588785046,0.0738531882113214,0.1022727272727272
0.6413043478260869,0.8864864864864865,0.485981308411215,0.9032354256746682,0.1022727272727272
0.1,0.9972972972972972,0.5046728971962615,0.632026241240495,0.0965909090909091
0.658695652173913,0.254054054054054,0.3457943925233646,0.4132995377963322,0.0965909090909091
0.5847826086956521,0.9243243243243244,0.1214953271028038,0.0366283981909447,0.0909090909090909
0.7195652173913043,0.254054054054054,0.1121495327102803,0.1239998012027235,0.0909090909090909
0.0478260869565217,0.5756756756756757,0.0373831775700934,0.2980965160777297,0.0909090909090909
0.1260869565217391,0.5837837837837838,0.8504672897196266,0.1499428457830127,0.0852272727272727
0.3695652173913044,0.081081081081081,0.6261682242990658,0.1146563292082898,0.0852272727272727
0.0130434782608695,0.8108108108108109,0.542056074766355,0.0519357884796978,0.0852272727272727
0.2673913043478261,0.9108108108108108,0.0747663551401869,0.0073554992296605,0.0795454545454545
0.9347826086956522,0.5108108108108108,0.2616822429906542,0.0623726454947567,0.0795454545454545
0.9456521739130436,0.9054054054054056,0.1495327102803738,0.1385120023855673,0.0795454545454545
0.5565217391304348,0.6972972972972973,0.3364485981308411,0.0140152079916505,0.0738636363636363
0.8913043478260869,0.845945945945946,0.4485981308411215,0.0318075642363699,0.0738636363636363
0.0369565217391304,0.4432432432432432,0.7850467289719627,0.7940460215695044,0.0738636363636363
0.9434782608695652,0.2756756756756757,0.4018691588785046,0.7560757417623378,0.0681818181818181
0.3195652173913043,0.5810810810810811,0.532710280373832,0.4533571890065106,0.0681818181818181
0.1521739130434782,0.1783783783783784,0.4112149532710281,0.1203717509070125,0.0681818181818181
0.4021739130434782,0.2837837837837837,0.5887850467289724,0.1624173748819641,0.0681818181818181
0.4043478260869565,0.4405405405405406,0.0841121495327104,0.1317031956662193,0.0624999999999999
0.6,0.9702702702702704,0.3457943925233646,0.0013915809353411,0.0624999999999999
0.0391304347826087,0.7648648648648649,0.5233644859813085,0.3258287361463148,0.0624999999999999
0.9543478260869566,0.8648648648648649,0.7009345794392527,0.4921226579195865,0.0624999999999999
0.8195652173913044,0.6000000000000001,0.0654205607476634,0.805178669052234,0.0624999999999999
0.741304347826087,0.8405405405405406,0.2803738317757012,0.0615277570697281,0.0568181818181818
0.5695652173913044,0.1216216216216216,0.0186915887850465,0.0581482033696138,0.0568181818181818
0.4456521739130434,0.2162162162162162,0.3177570093457946,0.2845286019581531,0.0568181818181818
0.8108695652173913,0.2,0.4112149532710281,0.1194771631628646,0.0568181818181818
0.4695652173913043,0.2972972972972973,0.5514018691588785,0.3279658068684459,0.0511363636363636
0.0239130434782608,0.4783783783783784,0.6822429906542054,0.7276974305452015,0.0511363636363636
0.7130434782608696,0.4189189189189189,0.7570093457943923,0.6555837185030565,0.0511363636363636
0.4478260869565217,0.2162162162162162,0.532710280373832,0.1682818945380448,0.0511363636363636
0.6086956521739131,0.3378378378378378,0.7009345794392527,0.1367228268972715,0.0454545454545454
0.8695652173913043,0.2324324324324324,0.2803738317757012,0.0008945877441479,0.0397727272727272
0.2652173913043478,0.3378378378378378,0.6448598130841123,0.1308086079220714,0.0397727272727272
0.3804347826086957,0.8027027027027027,0.4205607476635515,0.7129367327667611,0.034090909090909
0.3630434782608696,0.3891891891891892,0.3644859813084111,0.0223149942845783,0.034090909090909
0.7065217391304348,0.2324324324324324,0.5794392523364484,0.0475125490780776,0.0284090909090909
0.0260869565217391,0.8432432432432433,0.5794392523364484,0.3656378907608966,0.0284090909090909
0.917391304347826,0.7729729729729731,0.429906542056075,0.8404651856269569,0.0284090909090909
0.9239130434782608,0.9027027027027028,0.5700934579439254,0.8244620048705332,0.0284090909090909
0.3608695652173913,0.8432432432432433,0.439252336448598,0.0816062819939366,0.0227272727272727
0.8869565217391304,0.872972972972973,0.6728971962616823,0.2117687987674568,0.0170454545454545
0.8021739130434783,0.0783783783783783,0.0654205607476634,0.0055166244222454,0.0113636363636363
0.6347826086956522,0.2486486486486486,0.2242990654205607,0.1608269966701456,0.0113636363636363
0.8717391304347826,0.0189189189189189,0.4205607476635515,0.5080761393568908,0.0113636363636363
0.0021739130434782,0.1162162162162162,0.6074766355140189,0.4771631628646687,0.0056818181818181
0.0108695652173913,0.1162162162162162,0.6168224299065419,0.2224541523781124,0.0
